title,url,view_count,like_count,subscriber_count,published_at
I Made ChatGPT Cry,https://www.youtube.com/watch?v=Hrv4UP3wBRg,490332,37826,3160000,2023-02-28T16:38:00Z
"ChatGPT, 조던 피터슨의 충격적인 경고",https://www.youtube.com/watch?v=ya-fUBldJio,852563,13447,82500,2023-01-05T06:28:12Z
ChatGPT 똑똑하게 쓰기! 이 영상 하나로 충분합니다. 야 너두 할 수 있어!,https://www.youtube.com/watch?v=0n25AF0aF9g,53160,1886,143000,2023-02-20T10:15:00Z
5일만에 가입자 100만명을 찍은 AI챗봇,https://www.youtube.com/watch?v=Ku-I7KVmqdw,1050965,15340,2600000,2023-01-03T11:11:16Z
"ChatGPT의 원리, 쉽게 알려드립니다 (보이저엑스 남세동 대표) [ChatGPT 시리즈 1/3]",https://www.youtube.com/watch?v=6-55fAV90TE,245229,4892,733000,2023-02-07T11:00:03Z
Why OpenAI’s ChatGPT Is Such A Big Deal,https://www.youtube.com/watch?v=pOmpqdlVCoo,1267862,15446,2960000,2023-02-02T17:00:30Z
Did ChatGPT just &quot;design&quot; a sweater? 🤯 #knitting #woolneedleshands #chatgpt,https://www.youtube.com/watch?v=9mn-b8YYvcU,5292,0,37100,2023-02-28T20:07:14Z
"챗GPT, 두 달 만에 사용자 1억명.. 10억도 가능할 듯!",https://www.youtube.com/watch?v=GCHjjQiM3I4,706034,11649,145000,2023-02-06T10:00:07Z
말을 알아듣는 AI가 일처리를 해준다고? 챗GPT 원리/사용법/미래 전망 및 우려 한방에 알아보기,https://www.youtube.com/watch?v=HfyG8QgrkMc,533551,14349,234000,2023-01-03T10:15:08Z
"이제 엑셀에서 ChatGPT를 바로 사용해보세요! | 딱, 3분이면 됩니다 | 무료 서식 제공",https://www.youtube.com/watch?v=e1BWCyVhiBk,243000,7986,917000,2023-02-13T12:45:03Z
"아니, 아직도 ChatGPT 안 써 봤다고? | ChatGPT  초보 탈출 | 정말 쉽게 따라하는 챗지피티 사용법",https://www.youtube.com/watch?v=DICIukdn7tg,185973,3813,4300,2023-01-24T08:56:16Z
챗GPT (ChatGPT) 활용해서 영어학원 안가고 영어공부 혼자하는 방법 공개 합니다. | 바로 따라하는 chatgpt 사용법,https://www.youtube.com/watch?v=-YXAi5qJxRM,431165,13171,84700,2023-02-05T02:26:44Z
ChatGPT is giving out other users&#39; info,https://www.youtube.com/watch?v=GhcRxZt_aRs,3626,175,119000,2023-02-28T21:51:33Z
※꿀팁주의※ 세상을 바꿀 ‘챗GPT’ 나도 사용해보자! l 쉽게 따라하는 ChatGPT 가입 방법,https://www.youtube.com/watch?v=FyMl99NC3nA,39119,500,99300,2023-02-16T08:58:22Z
ChatGPT 유료버전 이 영상 보고 결정하세요!  크롬에 대적할 New Bing 서비스까지!,https://www.youtube.com/watch?v=ej_K9CbF6_4,156562,3373,143000,2023-02-13T10:15:02Z
"What is ChatGPT, the AI software taking the internet by storm? - BBC News",https://www.youtube.com/watch?v=BWCCPy7Rg-s,446400,5681,13900000,2023-01-15T14:30:05Z
GEOPOP interroga CHATGPT: abbiamo testato il chatbot di OpenAI su domande scientifiche,https://www.youtube.com/watch?v=5zkw90BSYWI,73350,6105,1140000,2023-02-28T17:30:00Z
Chat GPT 사용시 필수  설치 어플 3개 엄선! 이거 없이 ChatGPT하면 반도 못하는 것임.,https://www.youtube.com/watch?v=2wjlVFk0m2A,156955,7143,11900,2023-02-18T11:42:07Z
Testing the limits of ChatGPT and discovering a dark side,https://www.youtube.com/watch?v=RdAQnkDzGvc,221384,5066,205000,2023-02-15T13:00:15Z
Katie Couric talks with Kevin Roose about AI and ChatGPT,https://www.youtube.com/watch?v=eJYkIfduhck,897,31,252000,2023-02-28T14:40:56Z
ChatGPT Tutorial - A Crash Course on Chat GPT for Beginners,https://www.youtube.com/watch?v=JTxsNm9IdYU,3991615,65800,310000,2022-12-12T10:52:13Z
현직 해커들에게 ChatGPT를 시켜보았다.,https://www.youtube.com/watch?v=qtJBeZfYUgE,99738,1282,25000,2023-02-03T09:30:20Z
What is ChatGPT and How You Can Use It,https://www.youtube.com/watch?v=40Kp_fa8vIw,981702,17396,310000,2022-12-10T06:02:54Z
Easiest $500/Day ChatGPT Tutorial for Beginners (Step by Step),https://www.youtube.com/watch?v=drcB6RECnII,6653,391,694000,2023-02-28T12:00:33Z
A recap of ChatGPT | tech news,https://www.youtube.com/watch?v=WVct5y3hBEg,685773,47508,2140000,2023-02-13T14:02:29Z
ChatGPT로 구글이 망한다? AI시대의 내일을 이해하기 위한 몇 가지 이야기들,https://www.youtube.com/watch?v=g9iWYxNfYpo,103030,3641,156000,2023-02-19T06:00:13Z
ChatGPT Has A Serious Problem,https://www.youtube.com/watch?v=ce616lsed9Y,625286,30070,4360000,2023-02-20T18:52:51Z
Chat GPT Explained in 5 Minutes | What Is Chat GPT ? | Introduction To Chat GPT | Simplilearn,https://www.youtube.com/watch?v=3ao7Z8duDXc,474233,5497,2860000,2023-01-24T13:30:01Z
"한달간 언어 공부로 사용해본 ChatGPT, 충격적으로 도움되네요 😱",https://www.youtube.com/watch?v=VtVwS9NA6JQ,234123,9737,272000,2023-02-16T10:00:14Z
ChatGPT惹怒中國！因為它這樣評價習近平⋯⋯同時這樣評價「台灣」致中國政府緊急封鎖AI機器人！,https://www.youtube.com/watch?v=5Z-BZ_x11r8,92272,8497,277000,2023-02-28T09:55:00Z
Πήραμε από την Α.Ι. τρομακτική απάντηση...,https://www.youtube.com/watch?v=0UW5AncU5e8,177503,19273,975000,2023-02-28T12:30:00Z
ChatGPT Just Beat Chess,https://www.youtube.com/watch?v=rSCNW1OCk_M,2573602,152293,3160000,2023-02-11T20:23:00Z
超簡單！一次上手ChatGPT使用教學 文案 報告 論文,https://www.youtube.com/watch?v=WizoCwjEKsg,1923385,42695,394000,2023-01-31T13:30:11Z
English Teacher Grades Homework By ChatGPT | WIRED,https://www.youtube.com/watch?v=nneN5MyE6d8,257012,10462,10100000,2023-02-06T17:00:12Z
How ChatGPT Changed Society Forever,https://www.youtube.com/watch?v=Eda6i50Q1nw,355389,17123,900000,2023-02-20T13:35:49Z
ChatGPT Gave Me AI Stock Picks That Actually Work!,https://www.youtube.com/watch?v=4Ii7OR8-DLs,29581,1111,969000,2023-02-27T16:31:41Z
두 달 만에 1억 명 &#39;챗GPT&#39; 돌풍…윤리 합의 시급 - [친절한뉴스K] / KBS  2023.02.06.,https://www.youtube.com/watch?v=5MYJtKx-ebE,913507,3755,2150000,2023-02-06T05:21:01Z
7个用ChatGPT賺錢的方法 如何用OpenAI人工智能赚钱机会,https://www.youtube.com/watch?v=nYi36vkQ20E,432956,13237,29000,2023-01-09T11:32:42Z
How ChatGPT is Killing GOOGLE and AMAZON | What Will These Companies Do?,https://www.youtube.com/watch?v=aSX9M9qky-Y,739981,38118,5000000,2023-02-14T14:52:05Z
I Asked ChatGPT AI To Fix A PS3...Here&#39;s What Happened,https://www.youtube.com/watch?v=a_ku1x1ZWOI,51521,3144,684000,2023-02-26T17:13:51Z
요즘 인공지능 미쳤습니다.. 현직 개발자 반응!,https://www.youtube.com/watch?v=CIrR0-nkPfI,218192,4264,454000,2022-12-11T11:30:03Z
科技股基金經理王華：ChatGPT市場低估左呢間公司！嘉賓：王華｜葳言大意︱Sun Channel︱20230228,https://www.youtube.com/watch?v=DDhJP_lN9jU,6190,256,409000,2023-02-28T12:30:10Z
ChatGPT Tutorial for Developers - 38 Ways to 10x Your Productivity,https://www.youtube.com/watch?v=sTeoEFzVNSc,2775666,42482,3150000,2023-01-13T17:00:09Z
Asking ChatGPT Tough Medical Questions,https://www.youtube.com/watch?v=lGSGTrn5INA,1012485,52391,10600000,2023-02-05T15:00:35Z
인공지능 Chat GPT로 영어 공부 정말 쉽게 하는 5가지 비법,https://www.youtube.com/watch?v=i4IljO-Odls,33327,1293,431000,2023-02-23T22:00:17Z
"지금 바로 써먹을 수 있는 AI 또 소개 드립니다. ChatGPT보다 이게 더 유용한 분들 많을걸요? 그림, 사진부터 일러스트레이션까지 Midjourney 세계로 ㄱㄱ",https://www.youtube.com/watch?v=cs8IUabAdZg,215502,4260,143000,2023-01-31T10:15:02Z
APRENDA A FAZER DINHEIRO COM O CHATGPT [RÁPIDO E FÁCIL],https://www.youtube.com/watch?v=crkg70WiA7A,287049,31882,2720000,2023-02-17T21:15:01Z
你仲未識用ChatGPT賺錢?! 史上最強人工智能 [中文 + English Sub],https://www.youtube.com/watch?v=IIuqZ2xA5y0,416496,15087,185000,2023-02-05T13:03:45Z
How to Make Your First $1000 With ChatGPT (still early),https://www.youtube.com/watch?v=G5nat0z7_LE,374672,21350,954000,2023-01-26T20:02:50Z
ChatGPT - All You Need to KNOW and WIN in 2023! | ChatGPT for Beginners | Ankur Warikoo,https://www.youtube.com/watch?v=L9u3vQF9C88,656187,21329,2720000,2023-02-11T14:30:11Z
